code,jan,feb,march,april,may,june,july,aug,sep,oct,nov,dec,ann,jan,feb,march,april,may,june,july,aug,sep,oct,nov,dec,avg,jan,feb,march,april,may,june,july,aug,sep,oct,nov,dec
ALB,35.64151994,37.792505,42.86356998,49.85215979,57.9969501,64.26994991,68.97004986,68.86339979,62.88634992,54.07839501,45.63645481,38.57651002,52.28564012,108,102.63,93.43,86.16,74.27,54.58,39.07,45.7,67.57,105.26,138.26,138.3,87.76959864,Rainy,Rainy,Rainy,Dry,Dry,Dry,Dry,Dry,Dry,Rainy,Rainy,Rainy
DZA,53.82049516,58.62235053,64.24430502,71.4854868,79.54525042,87.43364221,90.57005711,89.55417039,83.88375655,74.01042051,63.1561918,55.31114508,72.63642405,8.99,8.6,9.39,8.04,6.56,3.37,2.07,3.69,5.13,7.33,9.53,9.28,6.831129064,Dry,Dry,Dry,Dry,Dry,Dry,Dry,Dry,Dry,Dry,Dry,Dry
AGO,72.64802404,72.83036494,73.01145101,72.2364471,69.3312341,65.07196687,64.30311589,67.82443944,71.93758653,73.72687738,73.01507254,72.69954476,70.71967885,154.99,148.54,169.91,109.07,15.14,0.37,0.32,3.41,20.1,69.77,144.51,155.16,82.60880695,Rainy,Rainy,Rainy,Rainy,Dry,Dry,Dry,Dry,Dry,Dry,Rainy,Rainy
ARG,69.4463592,67.81914059,63.52634169,57.28331053,51.16591676,45.78306055,45.35851733,48.22871915,52.75305674,58.4143719,63.57925809,67.69066568,57.58740486,68.37,63.65,69.53,46.48,36.28,28.08,25.89,24.1,30.07,47.72,55.57,63.3,46.5871559,Rainy,Rainy,Rainy,Dry,Dry,Dry,Dry,Dry,Dry,Rainy,Rainy,Rainy
ARM,16.40636463,20.02626157,30.980462,43.91550155,52.5781541,60.04289212,67.67475345,66.71175373,58.94600022,46.25968307,34.91369644,23.22940298,43.47385093,20.84,25.93,40.11,59.73,82.85,68.05,43.06,35.97,29.43,42.13,30.79,23.4,41.85681407,Dry,Dry,Dry,Rainy,Rainy,Rainy,Rainy,Dry,Dry,Rainy,Dry,Dry
AUS,82.01209286,81.01293854,77.66365403,71.37453023,64.14494888,58.69923532,57.11841883,60.27414987,66.0033489,72.42275517,77.22880942,80.58938156,70.71201741,80.56,75.81,61.98,31.12,30,23.83,23.3,20.27,17.84,24.37,33.1,50.92,39.42429165,Rainy,Rainy,Rainy,Dry,Dry,Dry,Dry,Dry,Dry,Dry,Dry,Rainy
AUT,25.67060924,28.4266169,34.55307982,41.91632786,50.21254753,55.91555237,59.4601999,58.96232442,53.76638922,45.59142147,35.1206234,28.02230631,43.13482295,67.7,65.91,75.92,90.7,113.36,137.66,137,131.42,94.91,77.15,92.21,77.24,96.76532243,Dry,Dry,Dry,Dry,Rainy,Rainy,Rainy,Rainy,Dry,Dry,Dry,Dry
AZE,31.63841479,33.44667282,40.94666679,52.95805607,62.24264,71.11283989,76.57363998,75.40004017,67.69715988,55.18717198,45.18627201,35.65773803,54.00382004,24.68,27.43,40.52,48.44,56.83,50.86,25.2,23.09,34.15,45.41,30.5,26.76,36.15693673,Dry,Dry,Rainy,Rainy,Rainy,Rainy,Dry,Dry,Dry,Rainy,Dry,Dry
BHR,,,,,,,,,,,,,,,,,,,,,,,,,,,,,,,,,,,,,,
BGD,65.54288256,69.83009127,77.75885658,82.44296528,83.20287839,83.22905653,82.93397369,83.10438724,83.03943042,80.89700008,74.65999988,67.52871302,77.84764358,6.51,16.42,45.26,138.3,256.17,443.14,487.72,377.62,296.07,160.54,30.4,8.38,188.8769724,Dry,Dry,Dry,Dry,Rainy,Rainy,Rainy,Rainy,Rainy,Dry,Dry,Dry
BRB,,,,,,,,,,,,,,,,,,,,,,,,,,,,,,,,,,,,,,
BEL,35.50435541,36.70787882,41.40905528,46.66186812,54.31639988,59.78215295,63.02935277,62.92992953,57.96934105,51.22109876,42.37154704,37.6050624,49.12563429,74.45,59.44,74.45,59.46,70.18,78.92,75.72,68.05,66.86,77.4,85.99,83.37,72.85812767,Rainy,Dry,Rainy,Dry,Dry,Rainy,Rainy,Dry,Dry,Rainy,Rainy,Rainy
BTN,33.00290345,35.89736503,42.22237991,47.80871869,52.75120955,57.90767004,58.6357188,58.2641862,56.03737998,49.45023237,41.52213757,35.72120453,47.43507727,6.58,8.05,26.92,93.84,162.48,366.28,446.23,330.03,238.27,84.85,12.84,4.1,148.3716576,Dry,Dry,Dry,Dry,Rainy,Rainy,Rainy,Rainy,Rainy,Dry,Dry,Dry
BOL,72.61972567,72.37802154,71.72910574,69.79801608,66.65781582,63.76324042,63.97779494,66.98023317,70.39122083,72.51044449,73.24550932,73.00993649,69.75505406,179.82,167.58,142.46,80.47,49.73,30.27,20.86,26.23,43.93,78.3,113.58,162.33,91.29665011,Rainy,Rainy,Rainy,Dry,Dry,Dry,Dry,Dry,Dry,Dry,Rainy,Rainy
BWA,79.3538233,77.75824567,75.74403702,70.55350973,63.67297474,57.72554757,57.58678152,62.8816564,70.45471941,75.70945242,77.89279132,78.6024894,70.66136992,89.76,77,53.38,31.47,4.9,1.23,0.33,0.6,5.7,21.71,45.99,62.41,32.87298131,Rainy,Rainy,Rainy,Dry,Dry,Dry,Dry,Dry,Dry,Dry,Rainy,Rainy
BRA,78.05212136,78.17138931,77.88353574,77.08872787,75.54261063,73.92311425,73.8378565,75.61823225,77.24098547,78.30719987,78.33183955,78.18320298,76.8483893,226.46,217.8,236.03,184.87,130.86,81.93,65.16,57.76,76.91,124.49,158.2,202.52,146.9142494,Rainy,Rainy,Rainy,Rainy,Dry,Dry,Dry,Dry,Dry,Dry,Rainy,Rainy
BGR,29.86974327,33.561284,40.45516678,49.84878852,58.98996588,65.5578981,69.5254426,68.87889785,62.3226851,52.66854981,42.71140551,34.18131593,50.71417095,43.38,43.77,44.58,52.87,66.79,69.26,51.19,42.05,36.9,40.96,56.04,55.05,50.23697554,Dry,Dry,Dry,Rainy,Rainy,Rainy,Rainy,Dry,Dry,Dry,Rainy,Rainy
BFA,77.00816286,82.11308817,87.13153028,89.69851846,88.65045825,84.61929549,80.80672784,79.45394409,80.54811411,83.67017203,81.45217454,77.45696969,82.71744891,0.27,1.02,8.23,28.06,64.21,102.32,172.88,215.39,141.89,36.4,2.79,0.82,64.52389586,Dry,Dry,Dry,Dry,Dry,Rainy,Rainy,Rainy,Rainy,Dry,Dry,Dry
BDI,68.43739937,68.69839985,68.77345982,68.6632999,68.08298008,66.87013992,66.84151985,68.79739971,70.08637959,69.77012028,68.43038014,68.29825993,68.47897953,154.09,139.05,170.24,193.73,94.37,12.22,3.75,13.85,56.13,96.15,171.95,157.27,105.2343333,Rainy,Rainy,Rainy,Rainy,Dry,Dry,Dry,Dry,Dry,Dry,Rainy,Rainy
KHM,76.7585967,79.75269351,82.26816456,84.09908377,83.28475824,81.90711938,81.22741613,81.07856789,80.5285516,79.87622596,78.46746456,76.64371609,80.49110007,10.92,16.01,41.89,79.3,198.4,278.31,291.22,319.24,316.98,236.1,100.92,29.38,159.8898214,Dry,Dry,Dry,Dry,Rainy,Rainy,Rainy,Rainy,Rainy,Rainy,Dry,Dry
CMR,74.98442853,77.64753465,79.29331012,79.57846951,77.93659993,75.80488579,74.05740401,73.92424093,74.71306931,75.7101224,75.65746947,74.49452233,76.1501307,14.96,29.46,90.06,133.62,176.45,170.72,196.03,227.85,263.21,222.55,70.25,17.9,134.4226596,Dry,Dry,Dry,Dry,Rainy,Rainy,Rainy,Rainy,Rainy,Rainy,Dry,Dry
CAN,-12.31980994,-9.856444237,-1.689900412,14.3825349,31.48370463,45.03178257,51.9920321,49.12739243,38.21704594,24.15459372,5.89530698,-6.741119372,19.1397567,28.74,23.17,25.31,24.86,32.82,48.52,58.91,56.43,48.66,41.36,36.86,31.83,38.1224211,Dry,Dry,Dry,Dry,Dry,Rainy,Rainy,Rainy,Rainy,Rainy,Dry,Dry
CPV,,,,,,,,,,,,,,,,,,,,,,,,,,,,,,,,,,,,,,
TCD,69.19582103,73.57836774,79.78959724,85.19622226,87.86104039,87.34324062,84.67444474,82.7772279,83.05585452,81.02171192,74.83366013,70.32837891,79.97133426,0.21,1.38,2.26,8.36,20.86,37.11,82.39,113.71,51.31,12.4,0.35,0.15,27.54213917,Dry,Dry,Dry,Dry,Dry,Rainy,Rainy,Rainy,Rainy,Dry,Dry,Dry
CHL,54.82848214,53.96731443,51.55737963,47.50979714,43.31808588,39.91615384,39.27929529,40.70543367,43.37276203,46.79956595,50.20880054,53.32500478,47.06569095,33.81,34.03,35.28,47.04,81.51,84.41,88,73.37,48.92,37.81,30.75,36.24,52.59751381,Dry,Dry,Dry,Dry,Rainy,Rainy,Rainy,Rainy,Dry,Dry,Dry,Dry
CHN,16.71445079,21.36418344,32.88153379,45.65904024,55.52225996,62.72756058,66.8630366,65.26553348,56.96893985,45.25803975,31.12497028,20.28464416,43.38619517,10.56,15.32,25.04,42.98,61.96,88.85,108.61,97.84,61.72,34.17,17.94,9.78,47.89782819,Dry,Dry,Dry,Dry,Rainy,Rainy,Rainy,Rainy,Rainy,Dry,Dry,Dry
COL,76.31759193,76.96534039,77.25769517,76.5476339,75.83351297,75.00339349,74.82099838,75.27840172,75.58654997,75.72526134,75.8913839,75.89461616,75.92686128,111.63,116.88,165.63,255.56,303.01,293,260.7,245.24,234.02,270.67,218.03,144.21,218.2154319,Dry,Dry,Dry,Rainy,Rainy,Rainy,Rainy,Rainy,Rainy,Rainy,Dry,Dry
CRI,73.71178562,74.61037162,76.31690028,77.07842914,76.27498572,75.18148558,75.28884285,74.92819947,74.62490005,74.18094278,73.51095677,73.47392867,74.93167169,129.37,78.04,73.05,143.01,304.8,381.05,352.21,392.87,392.6,460.44,342.37,218.44,272.3555138,Dry,Dry,Dry,Dry,Rainy,Rainy,Rainy,Rainy,Rainy,Rainy,Rainy,Dry
CIV,78.50658346,81.9922092,82.84365867,82.48423682,80.93734311,78.58712118,76.76708991,76.53987708,77.48246595,78.77828443,79.37902189,77.77642756,79.33948802,10.19,36.56,80.84,120.53,161.23,212.75,158.02,168.06,195.82,129.86,59.75,22.44,113.0068147,Dry,Dry,Dry,Rainy,Rainy,Rainy,Rainy,Rainy,Rainy,Rainy,Dry,Dry
HRV,31.71370659,35.75427478,42.48543716,50.44460649,58.5676143,64.38572826,68.07180742,67.4011138,61.43912866,52.42929927,42.72757577,34.75143137,50.84763923,73.48,67.51,72.38,85.34,88.54,97.99,80.4,92.7,86.95,86.7,113.42,91.94,86.4456402,Dry,Dry,Dry,Dry,Rainy,Rainy,Dry,Rainy,Rainy,Rainy,Rainy,Rainy
CYP,51.14898539,51.92284989,55.38469982,61.84400029,68.96615056,76.03880014,80.69450045,80.69450045,76.61120071,69.46385012,61.14064999,54.30065007,65.68430004,85.56,71.53,51.14,26.5,17.49,4.49,1.38,2.48,5.03,27.82,49,93.84,36.35456975,Rainy,Rainy,Rainy,Dry,Dry,Dry,Dry,Dry,Dry,Dry,Rainy,Rainy
CZE,26.93615002,30.09379506,37.04780751,45.49010001,54.13725509,59.74673012,62.79156521,62.42873001,56.28834497,47.45480908,37.07599548,30.0836084,45.79789995,39.58,36.54,39.52,46.3,73.55,85.17,79.24,79,52.4,41.58,48.23,45.89,55.58317604,Dry,Dry,Dry,Dry,Rainy,Rainy,Rainy,Rainy,Dry,Dry,Dry,Dry
DNK,31.80950176,31.82343004,36.03307357,42.56234859,51.39146425,57.92321429,60.60457137,60.62424315,55.41382144,48.846303,40.8958636,34.9620755,46.07416129,55.82,36.7,44.31,39.39,47.15,54.42,64.75,67.61,71.55,74.27,77.87,64.81,58.22082138,Dry,Dry,Dry,Dry,Dry,Dry,Rainy,Rainy,Rainy,Rainy,Rainy,Rainy
DOM,71.1738502,71.78438728,73.18714998,74.86283731,75.89266267,77.01698761,77.38092454,78.14513759,77.63697507,76.5165874,74.74325028,72.5382498,75.07354972,78.36,69.67,52.93,99.93,192.79,130.62,122.92,121.11,151.27,162.54,135.22,99.71,118.0893234,Dry,Dry,Dry,Dry,Rainy,Rainy,Rainy,Rainy,Rainy,Rainy,Rainy,Dry
EGY,55.27470406,58.28368949,64.09925077,72.39973699,79.27614973,83.87629341,84.41991336,84.37836895,81.10187675,75.37366517,65.62038014,57.69746138,71.81681544,4.53,2.78,3.27,2.35,2.38,1.84,2.36,2.7,1.33,2.61,2.35,4.42,2.742775754,Dry,Dry,Dry,Dry,Dry,Dry,Dry,Dry,Dry,Dry,Dry,Dry
SLV,75.1174253,76.05589976,78.26832437,79.43427505,78.62450027,76.75880032,77.28507547,76.88457446,75.73392482,75.6086,74.81817532,74.45637451,76.58757496,6.14,4.55,10.94,41.88,174.9,301.99,256.77,274.48,342.24,202.92,45.69,10.31,139.4008649,Dry,Dry,Dry,Dry,Rainy,Rainy,Rainy,Rainy,Rainy,Rainy,Dry,Dry
EST,20.27833079,20.60599309,27.76424692,39.06637771,50.62286915,58.50278474,61.7445151,60.13240765,51.80339242,43.26455223,33.52353871,25.35939854,41.05568916,37.96,27.75,30.02,36.3,43.5,53.61,70.86,80.9,73.69,64.28,60.97,49.97,52.48227868,Dry,Dry,Dry,Dry,Dry,Rainy,Rainy,Rainy,Rainy,Rainy,Rainy,Dry
ETH,70.09770732,72.1361755,74.26965366,74.83410238,74.52662441,73.87255124,72.10798549,71.67237062,72.39743902,71.72316583,70.20478392,69.3577464,72.2667073,10.85,19.1,40.8,92.24,100.32,76.86,134.32,138.35,97.22,75.84,34.16,10.45,69.20955384,Dry,Dry,Dry,Rainy,Rainy,Rainy,Rainy,Rainy,Rainy,Rainy,Dry,Dry
FIN,10.55623929,12.14659024,21.03717672,32.06729354,44.76986359,55.2172405,59.3192046,55.58867445,46.22906815,36.04495859,24.73693102,15.4005305,34.42615006,32.01,24.02,26.48,28.07,33.72,49.92,66.77,72.83,58.19,50.39,45.79,36.52,43.72509199,Dry,Dry,Dry,Dry,Dry,Rainy,Rainy,Rainy,Rainy,Rainy,Rainy,Dry
FRA,37.59685639,39.58802416,43.4652128,48.37433215,54.89196358,60.97629504,65.48695717,64.81164989,60.4088921,53.14404572,44.04209836,38.95833127,50.97870001,72.95,66.58,66.71,66.52,79.93,65.95,54.67,63.73,67.74,78.28,79.65,76.21,69.91075025,Rainy,Dry,Dry,Dry,Rainy,Dry,Dry,Dry,Dry,Rainy,Rainy,Rainy
GAB,78.29632141,78.69334981,79.05174292,78.96467856,78.31367833,75.37039991,73.37254996,74.02125732,76.22214275,77.39023572,77.23352851,77.06636421,76.9996785,147.52,155.24,220.87,208.36,178.72,42.96,9.2,19.94,112.47,286.92,286.38,150.85,151.6199169,Dry,Rainy,Rainy,Rainy,Rainy,Dry,Dry,Dry,Dry,Rainy,Rainy,Dry
GMB,74.97379951,78.5923996,81.18199959,82.85000115,83.35820007,83.39000092,81.24019966,80.10979919,80.12000046,81.65600128,79.73419953,75.07159958,80.18959999,0.35,0.27,0,0.17,7.29,85.61,229.13,319.04,253.03,89.54,5.67,0.37,82.53981188,Dry,Dry,Dry,Dry,Dry,Rainy,Rainy,Rainy,Rainy,Rainy,Dry,Dry
GEO,22.23472692,24.82960874,33.30366114,45.72216347,54.06883788,60.19911024,65.84856536,65.20615166,58.33259104,47.73446405,37.86241014,27.73852119,45.25667168,64.02,56.71,61.91,80.79,105.26,117.65,86.15,81.72,74.21,79.24,74.46,77.31,79.95306046,Dry,Dry,Dry,Rainy,Rainy,Rainy,Rainy,Rainy,Dry,Dry,Dry,Dry
DEU,31.14036733,33.00242048,38.97418116,45.83747209,54.09180713,59.89440758,62.93854431,62.54355513,57.02414867,48.97721114,39.68692983,33.58538225,47.30801341,51.22,42.02,49.1,52.48,66.27,80.24,73.68,72.37,57.54,50.34,59.02,59.23,59.45831087,Dry,Dry,Dry,Dry,Rainy,Rainy,Rainy,Rainy,Dry,Dry,Dry,Dry
GHA,80.50880777,84.35774535,85.13826751,84.49534019,82.67142598,79.90559731,78.20492478,77.79101812,78.55957134,80.27415313,81.1338754,79.59901308,81.05320266,7.46,27.43,71.68,104.34,148.26,183.72,155.07,143.37,176.6,114.53,36.56,15.92,98.74538194,Dry,Dry,Dry,Rainy,Rainy,Rainy,Rainy,Rainy,Rainy,Rainy,Dry,Dry
GRC,40.53350244,42.44526725,46.73967417,53.47449406,61.56072924,68.85807046,73.31825876,72.99425881,67.13275316,58.19231868,50.38379536,43.32517291,56.57990357,81.48,72.75,63.67,47.12,42.97,28.08,21.52,19.05,28.02,66.84,91.3,105.43,55.68527486,Rainy,Rainy,Rainy,Dry,Dry,Dry,Dry,Dry,Dry,Rainy,Rainy,Rainy
GTM,69.25796912,70.61567698,73.28950765,75.82386172,76.8043077,76.16618488,75.17456929,75.39864602,74.88398461,73.59846194,71.38109218,69.9436767,73.5281233,85,55.85,66.82,95.21,215.29,387.59,379.06,341.91,404.44,313.12,160.64,101.4,217.1942277,Dry,Dry,Dry,Dry,Dry,Rainy,Rainy,Rainy,Rainy,Rainy,Dry,Dry
GIN,75.64351538,79.16413075,81.73349218,82.81755384,81.45343051,78.04679235,76.13288473,75.41796153,76.35197681,77.23646914,77.15011554,74.68000785,77.98575362,2.25,9.44,26.38,63.8,131.57,213.49,317.1,385.68,325.32,170.67,41.87,5.99,141.1302652,Dry,Dry,Dry,Dry,Dry,Rainy,Rainy,Rainy,Rainy,Rainy,Dry,Dry
GUY,77.40985459,77.54793614,78.1697,78.55159975,78.42066368,77.68653627,77.58731828,78.42941815,79.49829102,79.99473624,79.62933643,78.25386365,78.43165443,176.54,129.47,148.42,202,341.2,355.05,291.18,204,110,100.87,120.42,185.53,197.0572071,Dry,Dry,Dry,Rainy,Rainy,Rainy,Rainy,Rainy,Dry,Dry,Dry,Dry
HTI,72.50650781,73.03501596,74.24696852,75.50530795,76.83841594,78.17567682,78.56973845,78.92392314,78.45107686,77.51410734,75.54726119,73.34544575,76.05513828,43,51.41,66.05,123.63,210.15,156.22,116.2,156.67,185.24,202.13,116.75,52.76,123.3500945,Dry,Dry,Dry,Rainy,Rainy,Rainy,Dry,Rainy,Rainy,Rainy,Dry,Dry
HND,70.35655012,71.56680002,74.08199997,75.95595017,76.98905029,76.09239988,75.28190002,75.68785019,75.58214989,74.19489985,72.2835,71.06699991,74.09495001,92.34,58.83,39.33,52.17,151.62,268.51,253.22,217.2,260.12,248.86,177.31,126.25,162.1465027,Dry,Dry,Dry,Dry,Dry,Rainy,Rainy,Rainy,Rainy,Rainy,Rainy,Dry
HKG,,,,,,,,,,,,,,,,,,,,,,,,,,,,,,,,,,,,,,
HUN,28.33946273,33.53682733,41.78614588,51.29206854,59.88854551,65.32834987,68.19607717,67.45124563,61.04271393,51.45292715,40.80800542,32.20591235,50.11060591,34.48,31.8,33.51,43.27,59.8,76.26,60.16,62.28,41.42,35.48,50.75,42.55,47.64624653,Dry,Dry,Dry,Dry,Rainy,Rainy,Rainy,Rainy,Dry,Dry,Rainy,Dry
ISL,26.29732574,27.10509176,27.29534075,31.17207675,37.5090766,43.48899748,46.93049754,45.62017742,39.71518573,34.17683858,27.7899163,26.08991843,34.43253552,100.83,85.01,88.22,65.71,58.89,68.46,73.83,87.88,94.97,115.66,99.24,101.12,86.65176741,Rainy,Dry,Rainy,Dry,Dry,Dry,Dry,Rainy,Rainy,Rainy,Rainy,Rainy
IND,62.31448451,66.46841125,74.20992632,81.37780147,85.15032233,84.13575527,80.44313208,79.21561709,78.89227055,76.12829066,69.4253113,63.460132,75.10178154,11.21,13.22,18.22,31.46,55.53,155.4,266.92,249.32,163.08,68.86,26.11,12.87,89.35143762,Dry,Dry,Dry,Dry,Dry,Rainy,Rainy,Rainy,Rainy,Dry,Dry,Dry
IDN,77.92560735,78.11368481,78.42789421,78.83168113,78.8699604,78.05576143,77.49498804,77.69584229,78.1375521,78.7782832,78.76219405,78.43631915,78.29414615,280.08,246.32,282.73,271.67,251.16,192.19,171.61,168.5,183.82,213.9,254.95,284.6,233.4612667,Rainy,Rainy,Rainy,Rainy,Rainy,Dry,Dry,Dry,Dry,Dry,Rainy,Rainy
IRN,39.90942763,43.57388254,52.39400596,62.28342145,71.70208525,79.74842457,83.46776225,81.09550034,74.31556457,64.13369635,53.14331586,43.8465511,62.46780412,35.67,32.95,37.2,32.41,19.12,4.95,3.66,3.06,2.63,10.07,16.19,29.44,18.94651436,Dry,Dry,Dry,Dry,Dry,Dry,Dry,Dry,Dry,Dry,Dry,Dry
IRL,40.34827349,40.44653409,42.79366108,45.85042105,50.13253349,55.03829732,58.14704343,57.69830816,54.42639462,50.14609176,43.89961516,41.80352489,48.39426385,121.97,86.44,90.08,65.88,76.82,67.11,66.19,88.4,99.71,115.97,112.43,119.63,92.55238411,Rainy,Dry,Dry,Dry,Dry,Dry,Dry,Dry,Rainy,Rainy,Rainy,Rainy
ISR,53.22817141,54.88905751,58.92465684,65.87239996,71.41228583,76.55308598,79.60897189,80.02682805,77.22294301,71.99420024,63.62471445,56.12334279,67.45640041,60.49,43.48,32.7,12.41,1.55,0.01,0.09,0.24,0.37,9.78,27.55,60.03,20.72412046,Dry,Dry,Dry,Dry,Dry,Dry,Dry,Dry,Dry,Dry,Dry,Dry
ITA,37.97382592,39.82884716,43.73973712,49.30284488,56.79964136,63.5444572,68.54915722,68.2598185,62.9344629,55.14234157,46.4224027,39.91714188,52.70124974,77.58,71.88,74.6,79,74.15,67.46,56.39,71.92,75.89,95.07,101.24,85.01,77.51613478,Rainy,Dry,Dry,Rainy,Dry,Dry,Dry,Dry,Dry,Rainy,Rainy,Rainy
JAM,72.96934967,73.24699993,74.20009995,75.64144955,76.50364971,77.90585022,78.25100031,78.63484974,77.72900038,77.05355063,75.87635012,74.52320013,76.04419975,106.5,107.8,79.48,126.7,233.21,169.26,134.79,205.76,228.49,297.01,263.87,161.32,176.1820221,Dry,Dry,Dry,Dry,Rainy,Dry,Dry,Rainy,Rainy,Rainy,Rainy,Dry
JPN,29.71813315,30.40052178,36.54161278,47.66370831,56.34323365,63.21365247,70.40957275,72.93919993,65.7630296,54.99897047,44.69661557,35.14654437,50.6529067,74.25,73.72,97.03,124.16,138.98,206.8,212.04,187.56,193.24,126.19,98.07,71.73,133.6464294,Dry,Dry,Dry,Dry,Rainy,Rainy,Rainy,Rainy,Rainy,Dry,Dry,Dry
JOR,47.00720165,49.9163205,55.5467257,63.89286285,71.45214286,77.4054115,80.42637707,80.43820582,76.73622268,69.22996573,58.47753703,49.89166571,65.03509128,20.94,18.77,18.95,8.79,2.73,0.05,0.22,0.47,0.07,4.02,9.59,17.7,8.525474498,Dry,Dry,Dry,Dry,Dry,Dry,Dry,Dry,Dry,Dry,Dry,Dry
KAZ,9.850632779,10.75285735,24.87720562,46.82752685,60.43321641,69.75193031,74.12655514,69.58541168,59.00611903,43.13185922,28.55010335,16.44450448,42.77816692,16.91,14.07,17.85,23.55,25.4,25.16,27.14,20.32,16.01,23.54,22.75,19.57,21.02208213,Dry,Dry,Dry,Dry,Dry,Dry,Dry,Dry,Dry,Dry,Dry,Dry
KEN,76.85132193,78.28141711,78.97833467,77.81556381,76.09364707,74.15148535,73.1379893,73.68284058,75.05942677,76.71270274,76.1975658,76.22665465,76.09903753,30.94,26.99,60.55,138.85,89.82,34.49,30.8,28.79,26.6,58.9,102.18,49.21,56.50941186,Dry,Dry,Rainy,Rainy,Rainy,Dry,Dry,Dry,Dry,Rainy,Rainy,Dry
KOR,25.55473016,29.33070843,38.59442002,50.52352563,59.91864284,67.60490017,73.96177142,74.98952844,65.84617124,54.85379872,42.28173288,30.79186017,51.18764416,29.27,37.59,59.7,104.72,101.93,177.64,292.02,252.76,154.23,60.35,51.04,23.48,112.0609458,Dry,Dry,Dry,Dry,Dry,Rainy,Rainy,Rainy,Rainy,Dry,Dry,Dry
KWT,54.23157504,58.3857501,66.62075019,75.58272505,87.18957515,94.49667511,97.24234991,96.57972584,90.99995003,80.84075036,67.80717535,57.33860004,77.27629972,22.8,14.35,15,16.56,4.81,0.19,0.39,0.42,0.25,1.73,13.78,18.3,9.048901161,Dry,Dry,Dry,Dry,Dry,Dry,Dry,Dry,Dry,Dry,Dry,Dry
KGZ,6.333518295,9.112514951,22.65805694,37.72003563,45.53766901,52.74645067,58.00214997,56.65815126,48.21563677,35.98469892,22.52290242,12.11834203,33.96750102,25.4,28.26,44.49,57.44,59.14,39.37,22.35,14.3,10.74,30.69,30.51,28.03,32.56012213,Dry,Dry,Rainy,Rainy,Rainy,Rainy,Dry,Dry,Dry,Dry,Dry,Dry
LAO,65.63981596,69.0760159,73.41744771,77.37845602,78.62883205,78.34901599,77.89071184,77.35529588,76.70235217,74.51849596,70.28115192,66.2589441,73.79143999,19.44,18.26,38.66,97.15,189.65,271.02,281.59,340.92,247.46,151.88,74.54,27.78,146.5289503,Dry,Dry,Dry,Dry,Rainy,Rainy,Rainy,Rainy,Rainy,Rainy,Dry,Dry
LVA,21.44136965,22.45452802,29.53895704,40.92937314,52.26928571,59.0785314,61.78804566,60.68407982,52.72303995,44.11553768,34.41440357,26.09788896,42.12792631,38.09,27.59,33.6,38.11,47.07,59.89,75.63,76.42,70.87,59.01,61.21,51.37,53.23919242,Dry,Dry,Dry,Dry,Dry,Rainy,Rainy,Rainy,Rainy,Rainy,Rainy,Dry
LBN,45.4968947,46.62796985,50.70965028,57.19234991,63.3636498,69.56599979,73.34329939,74.02684984,71.31650038,65.12405052,56.30283541,48.18321495,60.10429978,162.24,123.15,91.27,50.48,14.34,2.28,0,0.12,2.29,40.76,85,149.17,60.09270732,Rainy,Rainy,Rainy,Dry,Dry,Dry,Dry,Dry,Dry,Dry,Rainy,Rainy
LSO,63.51560016,61.71800027,59.23549995,52.5736402,46.8900049,41.88350005,42.68098982,46.18800514,52.95415997,55.59904981,58.24939975,61.16105008,53.55405526,122.34,110.23,103.33,59.32,23.85,15.23,12.88,23.27,35.21,75.39,95.25,99.36,64.63893085,Rainy,Rainy,Rainy,Dry,Dry,Dry,Dry,Dry,Dry,Rainy,Rainy,Rainy
LTU,22.15646464,23.67477386,31.16108234,42.71860768,53.91869229,60.06560001,62.39775367,61.57972286,53.84336918,44.98815388,35.29661832,27.08892288,43.24082919,38.89,28.14,36.02,40.54,51,67.8,77.16,75.55,67.09,56.51,61.2,51.81,54.31013697,Dry,Dry,Dry,Dry,Dry,Rainy,Rainy,Rainy,Rainy,Rainy,Rainy,Dry
LUX,32.666,34.88593996,40.46594,46.60394058,54.36140061,59.90540047,63.30739937,62.41999932,57.28459987,49.55593948,39.92000018,34.47193993,47.98741969,74.29,60.62,71.18,57.73,72.2,76.34,69.44,70.43,59.84,69.8,82.27,84.66,70.73382568,Rainy,Dry,Rainy,Dry,Rainy,Rainy,Dry,Dry,Dry,Dry,Rainy,Rainy
MKD,30.22999946,33.88508434,40.57891445,48.62113467,57.17430869,63.35812686,67.72410896,67.51710905,61.35881802,51.41278733,41.65893082,33.31838054,49.73633273,47.27,42.28,51.31,52.34,69.45,57.49,46.05,41.82,40.17,53.81,70.1,60.42,52.70865284,Dry,Dry,Dry,Dry,Rainy,Rainy,Dry,Dry,Dry,Rainy,Rainy,Rainy
MDG,75.71898466,75.78150053,75.17684671,73.58168145,70.11019391,66.82952475,66.00608427,66.73474613,68.94896553,71.77875735,73.7490995,75.07641217,71.62442327,283.24,257.36,184.33,90.11,55.19,48.24,56.87,49.05,31.86,60.88,118.04,240.5,122.9729993,Rainy,Rainy,Rainy,Dry,Dry,Dry,Dry,Dry,Dry,Dry,Dry,Rainy
MWI,74.27446862,74.07400536,73.84218417,72.15648444,68.56335261,65.164763,64.48606835,67.10535245,71.61160512,75.7101103,76.59537923,75.15547375,71.56177372,232.96,209.85,206.31,100.76,25.15,10.55,9.07,3.71,3.13,17.8,76.44,216.54,92.6909169,Rainy,Rainy,Rainy,Rainy,Dry,Dry,Dry,Dry,Dry,Dry,Dry,Rainy
MYS,76.29404023,76.51892004,77.34664576,78.09997135,78.3356685,77.88283994,77.37472577,77.33581154,77.20598865,77.18152573,76.79953149,76.62273724,77.24990856,274.89,196.23,210.43,227.43,239.84,196.16,190.34,220.19,251.65,298.33,342.47,344.83,249.3994177,Rainy,Dry,Dry,Dry,Dry,Dry,Dry,Dry,Rainy,Rainy,Rainy,Rainy
MLI,70.24567076,75.51333917,81.20730823,86.95550922,91.51174341,92.08755803,89.26242202,87.12061595,87.03920293,85.19691336,78.16035505,70.97651285,82.93977236,0.04,0.34,1.07,5.18,14.34,36.78,75.31,98.17,55.82,14.9,0.95,0.12,25.25076206,Dry,Dry,Dry,Dry,Dry,Rainy,Rainy,Rainy,Rainy,Dry,Dry,Dry
MLT,,,,,,,,,,,,,,,,,,,,,,,,,,,,,,,,,,,,,,
MRT,68.53140499,72.78004998,77.521955,82.30738005,88.34723017,91.78302986,91.93769492,90.09644006,88.16383497,84.89078501,76.91987499,68.88713501,81.84721502,0.57,0.69,0.23,0.55,0.72,5.51,18.78,33.61,23.49,4.07,1,0.8,7.500396259,Dry,Dry,Dry,Dry,Dry,Dry,Dry,Dry,Dry,Dry,Dry,Dry
MUS,77.89459953,78.07460022,77.8585987,76.31600151,73.19659843,70.41200027,69.17539978,68.68399849,69.62539978,71.59459953,74.17940101,76.53740005,73.62860146,265.81,283.84,245.58,223.85,156.24,121.97,121.93,105.02,69.5,69.94,91.33,198.01,162.7514038,Rainy,Rainy,Rainy,Rainy,Dry,Dry,Dry,Dry,Dry,Dry,Dry,Rainy
MEX,58.64122648,61.15496561,65.19343076,70.29947693,74.23117558,76.92787214,76.82390425,76.45315026,74.44142532,69.92167127,64.02523417,59.65205253,68.98044767,23.18,15.9,13.14,17.08,38.83,102.02,132.38,134.18,137.52,70.58,27.62,25.71,61.51159402,Dry,Dry,Dry,Dry,Dry,Rainy,Rainy,Rainy,Rainy,Rainy,Dry,Dry
MDA,26.00262495,28.88639037,37.27586747,50.45072001,60.8941627,66.88399978,69.72192476,69.0435499,61.59042468,50.73799994,40.07000757,31.25449509,49.40091488,37.07,36.52,32.5,42.69,53.74,73.78,68.09,47.45,45.26,25.61,37.77,38.42,44.90772915,Dry,Dry,Dry,Dry,Rainy,Rainy,Rainy,Rainy,Rainy,Dry,Dry,Dry
MNG,-5.00026001,-0.032442275,16.15659413,35.03718129,49.63765815,59.29614034,62.95282025,59.84940712,48.61689151,33.38830961,13.59233997,-0.274036229,31.10172136,1.64,1.72,3.9,9.53,17.37,37.37,64.06,54.14,22.4,8.16,4.45,2.49,18.93599486,Dry,Dry,Dry,Dry,Dry,Dry,Dry,Dry,Dry,Dry,Dry,Dry
MNE,28.22596995,30.658001,36.55899193,44.36801023,52.88800983,58.94869986,63.5836998,63.57199993,57.12110014,47.97211981,38.99698989,31.8970189,46.23250985,110.91,100.99,100.89,106.44,101.58,94.54,76.75,76.78,93.87,107,133.46,123.98,102.2652062,Rainy,Dry,Dry,Rainy,Dry,Dry,Dry,Dry,Dry,Rainy,Rainy,Rainy
MAR,49.42014037,52.10797881,55.5551554,59.17821154,65.49377693,71.99761529,78.81718082,78.55139233,72.87444622,64.80464239,56.7384673,50.5231654,63.00517299,39.42,46.01,37.25,38.82,23.73,8.18,2.55,3.79,11.93,24.64,44.03,41.91,26.85554538,Rainy,Rainy,Rainy,Rainy,Dry,Dry,Dry,Dry,Dry,Dry,Rainy,Rainy
MOZ,78.85917082,78.60375961,77.86677743,75.46690565,71.66955282,68.00519774,67.33109439,69.77653268,73.62878882,76.95766284,78.66882248,78.85580683,74.64084726,196.13,189.22,163.41,83.98,32.9,20.72,18.33,12.24,10.43,29.21,73.99,177.24,83.98381606,Rainy,Rainy,Rainy,Rainy,Dry,Dry,Dry,Dry,Dry,Dry,Dry,Rainy
MMR,64.40156648,67.52435861,72.93792908,77.70677378,78.35759365,77.31538591,76.83716267,76.6833197,76.80282719,75.21341398,70.57495724,65.51432596,73.32245758,8.31,12.37,21.21,63.52,199.26,385.51,408.08,395.68,269.21,176.84,55.88,11.83,167.3083945,Dry,Dry,Dry,Dry,Rainy,Rainy,Rainy,Rainy,Rainy,Rainy,Dry,Dry
NAM,75.67022644,74.48965851,72.81092968,68.59185502,62.88756098,57.99252057,57.45419515,60.91038331,66.62341397,70.8425575,73.41329,75.1338454,68.06846274,63.88,64.59,55.49,22.08,2.65,1.33,0.42,0.55,1.77,7.94,24.19,28.93,22.81926676,Dry,Dry,Dry,Dry,Dry,Dry,Dry,Dry,Dry,Dry,Dry,Dry
NPL,39.49468789,42.13590372,50.03505405,57.65288709,62.27629865,65.89433217,65.85217424,65.46279255,63.23134663,56.72064169,48.49336733,42.02054117,54.93909275,20.21,30.37,39.84,53.4,95.82,212.61,363.57,299.47,203.84,60.72,10.34,16.24,117.2009811,Dry,Dry,Dry,Dry,Dry,Rainy,Rainy,Rainy,Rainy,Dry,Dry,Dry
NLD,35.58879499,36.27238996,40.90101125,45.61324259,53.57041255,58.49937492,61.79168756,61.9517751,57.01212499,50.62523022,42.64922745,38.28310254,48.56312776,65.51,44.59,60.11,46.74,56.06,66.41,73.2,65.14,66.67,69.24,77.02,75.36,63.83907318,Rainy,Dry,Dry,Dry,Dry,Rainy,Rainy,Rainy,Rainy,Rainy,Rainy,Rainy
NZL,58.88742959,59.09417454,56.48564727,51.2928054,45.64765167,41.47118746,40.22448848,42.29286024,45.6996935,49.40682642,52.75059098,56.22446572,49.95649788,139.13,108.15,147.05,141.77,160.2,154.6,161.4,162.52,161.48,159.38,143.23,152.03,149.2454728,Dry,Dry,Dry,Dry,Rainy,Rainy,Rainy,Rainy,Rainy,Rainy,Dry,Rainy
NIC,73.93131308,75.13997382,76.90870876,78.29967814,78.45498698,77.12275214,76.8685609,76.58439586,76.50237837,76.17473898,74.81542627,74.31404795,76.25980891,110.79,56.15,36.14,47.67,197.45,372.43,337.75,296.64,299.95,313.85,193.16,144.99,200.5807829,Dry,Dry,Dry,Dry,Dry,Rainy,Rainy,Rainy,Rainy,Rainy,Dry,Dry
NGA,76.27391681,80.60910091,84.42701986,85.80139396,84.08762174,81.15999008,78.52918612,77.67824949,78.67030488,80.19716229,78.66376441,76.39836031,80.20798619,3.46,9.6,30.83,68.79,115.38,158.44,215.14,230.02,197.65,92.29,13.01,3.93,94.87765746,Dry,Dry,Dry,Dry,Rainy,Rainy,Rainy,Rainy,Rainy,Dry,Dry,Dry
NOR,15.35590785,16.26288206,22.11101122,29.95412448,40.60365219,49.14873669,52.95593797,50.87570833,43.55059697,34.95762144,25.23179836,19.27628099,33.35700644,93.15,70.43,73.18,53.41,55.35,71.49,91.24,94.86,117.05,122.5,104.18,105.01,87.65339512,Rainy,Dry,Dry,Dry,Dry,Dry,Rainy,Rainy,Rainy,Rainy,Rainy,Rainy
OMN,67.86039059,69.3963793,74.11288429,80.08839622,85.03957378,86.09052141,83.64962055,81.70040555,81.40150471,79.24745992,74.89749903,70.32329554,77.81738496,6.89,12.68,10.67,14.55,3.82,6.43,12.18,7.38,2.2,3.32,3.62,4.46,7.350592233,Dry,Dry,Dry,Dry,Dry,Dry,Dry,Dry,Dry,Dry,Dry,Dry
PAK,47.6145769,51.20066847,60.81610559,70.85312446,78.5290749,84.16644797,83.58736636,81.71600384,77.50894194,69.55065585,59.45776006,50.58901312,67.96582682,20.58,27.55,35.08,24.87,16.83,14.38,59.83,54.52,19.5,6.97,6.57,14.31,25.08481709,Dry,Rainy,Rainy,Dry,Dry,Dry,Rainy,Rainy,Dry,Dry,Dry,Dry
PAN,75.52219968,76.15054999,77.79477472,78.26089988,78.00139995,76.72932491,77.20992484,76.46967492,75.81057491,75.73662491,75.13512502,75.18155012,76.50020003,61.35,34.99,36.55,115.2,296.42,258.26,232.77,271.58,272.9,419.1,325.04,162.86,207.2522134,Dry,Dry,Dry,Dry,Rainy,Rainy,Rainy,Rainy,Rainy,Rainy,Rainy,Dry
PRY,81.937362,80.73535512,78.50747475,73.58613533,68.72083663,65.01528318,65.4221972,68.54812544,72.14598308,76.4537888,78.95537025,81.14414519,74.26434206,126.6,112.88,109.02,111.34,86.56,55.81,42.36,38.49,59.23,107.46,125.34,118.8,91.157883,Rainy,Rainy,Rainy,Rainy,Dry,Dry,Dry,Dry,Dry,Rainy,Rainy,Rainy
PER,68.15852145,68.16936013,67.98488466,67.5980494,66.58605171,65.06446521,64.49076744,65.71820525,66.72647291,67.54341748,68.1446331,68.07536956,67.02171611,169.54,173.36,176.57,142.64,112.33,85.04,74.48,69.6,92.18,133.86,128.71,154.93,126.1035099,Rainy,Rainy,Rainy,Rainy,Dry,Dry,Dry,Dry,Dry,Rainy,Rainy,Rainy
PHL,75.31558443,75.74952572,77.23693247,79.07165853,79.78280007,78.82734377,78.08436848,77.93834607,78.00520902,77.7981079,77.11780927,76.12788992,77.58801355,121.99,79.9,75.19,88.1,177.7,253.89,289.25,293.56,269.4,273.11,234.91,160.61,193.1327246,Dry,Dry,Dry,Dry,Dry,Rainy,Rainy,Rainy,Rainy,Rainy,Rainy,Dry
POL,26.9278614,29.5132784,36.76686304,45.33402236,55.36491657,60.70412512,63.54010799,62.92678291,55.99889198,47.77785916,38.16354453,30.9485979,46.16389745,32.86,27.47,31.06,38.81,60.88,76.34,78.83,71.24,51.89,43.73,46.65,40.89,50.05492464,Dry,Dry,Dry,Dry,Rainy,Rainy,Rainy,Rainy,Rainy,Dry,Dry,Dry
PRT,48.28268859,49.67828426,52.39866715,55.32446859,60.25931432,66.36024291,71.09822865,71.36068565,68.20712866,61.57352852,53.79637998,49.02040563,58.94668557,113.11,112.62,77.24,71.18,54.22,35.5,10.85,11.7,41.16,87.41,106.66,113.69,69.61223602,Rainy,Rainy,Rainy,Rainy,Dry,Dry,Dry,Dry,Dry,Rainy,Rainy,Rainy
PRI,72.27020035,72.30019989,73.27400055,74.81180038,76.66339951,77.91860008,78.06020012,78.47179947,77.98220062,77.2760006,75.66020012,73.71200028,75.69980011,114.46,90.59,91.98,144.65,264.6,183.54,184.68,225.47,266.91,232.12,185.67,141.32,177.168413,Dry,Dry,Dry,Dry,Rainy,Rainy,Rainy,Rainy,Rainy,Rainy,Rainy,Dry
QAT,63.08959885,64.96580047,71.21180038,78.96979942,88.01180038,92.98579864,94.72580185,94.10419998,90.3655983,84.41000023,75.8144001,66.7616005,80.45120049,11.74,15.81,15.54,10.95,0.78,0.2,0.36,0.22,0,0.23,3.63,5.78,5.435105324,Dry,Dry,Dry,Dry,Dry,Dry,Dry,Dry,Dry,Dry,Dry,Dry
ROU,25.28503842,29.53094515,38.12595409,48.90124627,57.92950958,63.59633209,66.53804628,65.86529649,59.32888574,49.52083352,39.45429648,30.24676799,47.86024194,36.92,35.16,36.08,51.91,75.93,92.89,79.68,64.74,46.15,37.22,42.96,42.57,53.51736355,Dry,Dry,Dry,Dry,Rainy,Rainy,Rainy,Rainy,Dry,Dry,Dry,Dry
RUS,-16.59410074,-12.50464919,2.165072934,19.86650846,37.22854939,51.73602787,58.627998,53.61077065,42.00704246,22.39804794,0.252009719,-11.33322067,20.62166994,21.59,16.62,17.75,23.96,34.46,51.62,65.42,62.78,46.99,37.3,30.53,25.79,36.23293446,Dry,Dry,Dry,Dry,Dry,Rainy,Rainy,Rainy,Rainy,Rainy,Dry,Dry
RWA,66.2365395,66.63794045,66.64441998,66.27776055,66.02647987,65.40998001,65.48521988,66.70292011,66.81938,66.57836021,65.89021954,65.94349979,66.2214199,91.97,102.59,139.32,166.41,112.19,27.86,11.06,40.94,91.99,116.97,149.31,112.2,96.90029653,Dry,Rainy,Rainy,Rainy,Rainy,Dry,Dry,Dry,Dry,Rainy,Rainy,Rainy
SAU,59.62664709,62.85781318,69.07920267,76.15057113,84.00027633,88.86644464,89.66699991,89.74866575,86.37762367,78.53702624,69.49076314,62.05936107,76.37181321,6.19,5.91,11.77,16.32,8.47,1.72,3.77,3.34,0.94,2.13,6.96,5.89,6.116954217,Dry,Dry,Dry,Dry,Dry,Dry,Dry,Dry,Dry,Dry,Dry,Dry
SEN,75.77997053,79.74949997,83.25462955,86.06350295,87.95101491,86.19312955,83.25293535,81.79800597,81.86185294,83.48810003,80.896206,75.77205583,82.17177049,0.31,0.49,0.06,0.28,11.07,68.76,155.46,224.18,178.62,58.9,2.78,0.18,58.42506801,Dry,Dry,Dry,Dry,Dry,Rainy,Rainy,Rainy,Rainy,Rainy,Dry,Dry
SRB,29.25568244,33.13689649,40.84225604,50.55218794,59.28080008,65.13521288,68.52467093,68.23347741,61.63758066,51.7258167,41.71400195,33.82691134,50.32218842,50.13,46.52,49.49,59.79,78.06,88.65,67.45,57.29,56.13,47.9,63.29,61.77,60.53863821,Dry,Dry,Dry,Dry,Rainy,Rainy,Rainy,Dry,Dry,Dry,Rainy,Rainy
SYC,,,,,,,,,,,,,,,,,,,,,,,,,,,,,,,,,,,,,,
SLE,77.33516046,80.4873201,81.77575985,81.92609567,80.46500028,78.66838365,76.90114419,76.71279184,77.69948015,78.561752,78.80604797,77.20800772,78.87883981,4.8,14.91,35.61,95.34,220.75,314.44,464.91,519.26,411.2,276.87,95.38,18.25,205.9767411,Dry,Dry,Dry,Dry,Rainy,Rainy,Rainy,Rainy,Rainy,Rainy,Dry,Dry
SGP,,,,,,,,,,,,,,,,,,,,,,,,,,,,,,,,,,,,,,
SVK,24.49978069,28.89593688,36.31216794,45.68273461,54.36649532,59.59926135,62.50750779,62.01382314,55.71135148,46.9746155,36.40514418,28.04994182,45.08491304,43.2,42.27,42.45,53.51,81.34,101.13,93.28,86.92,58.02,49.89,61.6,53.89,63.95969254,Dry,Dry,Dry,Dry,Rainy,Rainy,Rainy,Rainy,Dry,Dry,Dry,Dry
SVN,28.23931997,31.76667145,38.07665992,45.64194012,53.89413986,59.71814003,63.28080006,62.4961998,56.95785961,48.57608013,38.44535393,30.57600001,46.47238002,78.33,75.77,94.94,111.72,118.56,143.93,128.59,135.37,124.88,118.38,137.45,93.88,113.4838969,Dry,Dry,Dry,Dry,Rainy,Rainy,Rainy,Rainy,Rainy,Rainy,Rainy,Dry
ZAF,73.74964399,72.78026799,69.98449202,63.93534397,57.6348452,52.09227881,51.9278264,55.353832,60.85286121,64.95823598,68.86463196,71.95823198,63.67437202,67.25,65.66,60.42,40.08,18.43,15.42,12.78,17.71,22.22,42.57,55.08,57.16,39.5646794,Rainy,Rainy,Rainy,Rainy,Dry,Dry,Dry,Dry,Dry,Rainy,Rainy,Rainy
ESP,42.06989347,44.17484652,47.47675919,51.17609299,57.68068446,65.28885348,71.64700275,71.29320566,66.2172478,57.25646167,48.13711833,42.93209858,55.44585692,64.26,62.03,52.15,60.28,55.63,40.75,19.88,23.53,41.67,62.27,73.49,67.05,51.91558865,Rainy,Rainy,Rainy,Rainy,Rainy,Dry,Dry,Dry,Dry,Rainy,Rainy,Rainy
LKA,77.23997246,78.55601862,80.65048155,82.01504562,82.5301727,81.85574511,81.31999994,81.0249635,80.8407092,79.88949075,78.48434578,77.50735472,80.15940923,101.78,65.48,80.96,152.65,130.05,77.48,74.95,91.62,129.33,250.85,292.25,252,141.6172735,Dry,Dry,Dry,Rainy,Dry,Dry,Dry,Dry,Dry,Rainy,Rainy,Rainy
SUR,77.07967764,76.9870327,77.62581229,78.14939203,78.34977985,78.03959181,78.08778781,78.83912275,79.69283667,80.03784893,79.60430621,78.05465331,78.37894694,208.77,162.04,201.06,257.72,358.64,317.94,252.51,169.49,76.31,63.2,86.98,162.14,193.0675221,Rainy,Dry,Rainy,Rainy,Rainy,Rainy,Rainy,Dry,Dry,Dry,Dry,Dry
SWZ,75.55135994,75.18776055,73.51340019,69.24956093,65.02387993,60.29923973,60.6354794,63.7124004,67.57952026,69.11275986,71.20147987,73.87015991,68.74484009,130.38,126.99,85.29,50.05,19.93,9.84,9.25,18.47,41.4,83.55,108.55,114.68,66.53088989,Rainy,Rainy,Rainy,Dry,Dry,Dry,Dry,Dry,Dry,Rainy,Rainy,Rainy
SWE,13.8769881,15.78942527,23.03926979,32.34298769,43.61808887,53.13252776,56.30920269,53.81677536,45.75616623,37.02243095,25.14450112,17.5528768,34.78343101,44.75,33,35.77,33.44,40.34,53.8,78.08,72.44,66.87,57.2,56.12,49.35,51.76252778,Dry,Dry,Dry,Dry,Dry,Rainy,Rainy,Rainy,Rainy,Rainy,Rainy,Dry
CHE,26.17332989,27.817341,32.16232998,38.02599703,45.39370993,51.40399985,55.46265988,54.58083992,50.24536011,42.94533999,33.895013,28.47365702,40.54830331,119.89,109.51,120.32,140.74,153.69,169.22,161.65,176.28,128.83,111.85,128.52,125.92,137.2010379,Dry,Dry,Dry,Rainy,Rainy,Rainy,Rainy,Rainy,Dry,Dry,Dry,Dry
TWN,,,,,,,,,,,,,,,,,,,,,,,,,,,,,,,,,,,,,,
TJK,13.64292964,16.10460705,26.45161697,38.19607072,45.48649758,54.13154301,59.68245636,58.47143764,50.45549459,39.20877021,28.24962366,19.26424951,37.44544724,52.53,57.78,83.24,76.65,61.42,19.01,6.22,2.46,2.85,32.19,42.86,54.82,41.00188748,Rainy,Rainy,Rainy,Rainy,Rainy,Dry,Dry,Dry,Dry,Dry,Rainy,Rainy
TZA,73.4819798,73.78583739,73.72896912,72.75814953,71.12189053,68.61938877,68.17570357,69.78054815,72.13788712,74.14554827,74.35018756,73.71910749,72.15045768,149.48,141.47,179.41,176.86,64.46,14,8.19,8.07,15.87,33.16,100.86,160.55,87.69863113,Rainy,Rainy,Rainy,Rainy,Dry,Dry,Dry,Dry,Dry,Dry,Rainy,Rainy
THA,73.57902585,77.38126117,81.29068127,84.00922122,82.97604237,81.64541878,80.94314346,80.47532363,80.11231651,79.1688835,76.28499763,73.13216,79.24979877,13.7,16.43,35.33,82.33,197.43,199.1,205.22,246.99,258.6,168.29,78.8,30.26,127.7063788,Dry,Dry,Dry,Dry,Rainy,Rainy,Rainy,Rainy,Rainy,Rainy,Dry,Dry
TTO,76.49060002,76.73360042,77.675,79.01240005,79.88000068,79.07269955,78.9043993,79.36430073,79.73239936,79.53529949,78.83329888,77.39600049,78.55250035,74.18,44.95,40.57,60.54,124.24,224.15,256.2,229.92,189.81,214.99,206.47,165.38,152.6172485,Dry,Dry,Dry,Dry,Dry,Rainy,Rainy,Rainy,Rainy,Rainy,Rainy,Rainy
TUN,50.78353682,53.3556105,57.5720411,63.29461057,71.02017882,78.75844199,83.75723158,83.63893696,78.20659975,69.23521058,59.82629466,52.80162101,66.85422111,30.1,30.42,31.41,22.39,14.1,7.58,2.33,6.55,21.75,34.63,30.32,35.5,22.25729249,Dry,Dry,Dry,Dry,Dry,Dry,Dry,Dry,Dry,Dry,Dry,Dry
TUR,31.05671263,33.7655205,40.58832134,50.02943028,58.0539924,65.36357952,71.28893436,70.97578452,64.60521669,54.61406258,44.32406558,35.49996689,51.68049167,72.01,61.09,60.56,62.09,56.45,33.84,14.58,12,17.46,44.1,58.67,80.43,47.77359424,Rainy,Rainy,Rainy,Rainy,Rainy,Dry,Dry,Dry,Dry,Dry,Rainy,Rainy
UGA,73.72988276,74.59166595,74.61862177,73.48701461,72.54930245,71.56158558,70.80685852,71.18722908,71.80021739,72.46718282,72.56673177,72.70337822,72.67251479,37.33,54.04,101.2,151.87,141.42,85.87,91.76,117.07,122.47,128.35,118.11,58.41,100.6579528,Dry,Dry,Rainy,Rainy,Rainy,Dry,Dry,Rainy,Rainy,Rainy,Rainy,Dry
ARE,65.16953929,66.97047836,72.70324349,79.84118267,87.12257405,90.42275626,92.83303485,92.39156507,89.13763441,83.01779153,75.31120866,68.51073036,80.28609598,5.96,22.18,16.59,8.96,1.08,1.09,2.28,1.41,0.5,0.43,1.74,5.6,5.651002124,Dry,Dry,Dry,Dry,Dry,Dry,Dry,Dry,Dry,Dry,Dry,Dry
GBR,37.38808819,37.34365559,40.38019777,44.13628348,49.66779037,54.97859299,57.9837174,57.71626161,53.98499834,49.04961888,41.94331235,38.9285099,46.95843045,121.12,83.91,99.32,68.67,73.53,73.76,74.38,92.85,106.16,119.12,119.2,122.28,96.19164515,Rainy,Dry,Rainy,Dry,Dry,Dry,Dry,Dry,Rainy,Rainy,Rainy,Rainy
USA,20.64191422,24.27564944,32.11575375,42.5673,53.75842953,62.81073511,67.89022652,65.9260131,57.9375674,45.85776091,32.68523773,23.43327409,44.15832872,44.6,41.97,51.4,49.11,60.09,64.49,65.78,65.15,61.47,49.41,50.64,50.43,54.54472271,Dry,Dry,Dry,Dry,Rainy,Rainy,Rainy,Rainy,Rainy,Dry,Dry,Dry
URY,75.02663427,74.06126866,70.26288275,64.18207127,58.71917425,53.19322566,53.23092289,55.00711135,57.79433436,62.51403718,67.31926573,72.14776572,63.62147426,114.14,128.02,115.29,97.93,96.73,89.82,105.22,95.78,103.34,107.95,103.39,92.86,104.2064389,Rainy,Rainy,Rainy,Dry,Dry,Dry,Rainy,Dry,Dry,Rainy,Dry,Dry
VEN,77.04869772,78.0112949,79.02946636,79.051213,78.10181356,76.63634514,76.30706707,76.81685148,77.42697211,77.7809131,77.70976139,76.95752613,77.57321765,50.63,46,58.37,131.54,229.13,296.5,292.73,267.29,202.19,170.72,132.09,80.48,163.1378322,Dry,Dry,Dry,Dry,Rainy,Rainy,Rainy,Rainy,Rainy,Rainy,Dry,Dry
VNM,67.02458955,69.07370004,71.71376316,77.44229469,80.300663,80.76564745,80.90636313,80.39026838,78.91248416,76.30313167,72.36177889,68.70908949,75.32536843,37.33,25.84,39.94,73.48,167.9,228.48,250.25,264.18,266.37,236.87,170.76,73.76,152.9300661,Dry,Dry,Dry,Dry,Rainy,Rainy,Rainy,Rainy,Rainy,Rainy,Rainy,Dry
YEM,65.03536502,66.65552851,69.47055319,74.39895324,78.54710001,82.04501444,80.56915463,80.1984714,79.0306455,73.42919738,68.54694282,66.26772205,73.68290373,6.57,8.66,14.33,25.15,15.89,9.14,28.93,25.66,9.6,4.63,8.95,9.02,13.87824164,Dry,Dry,Dry,Dry,Dry,Dry,Dry,Dry,Dry,Dry,Dry,Dry
ZMB,73.1981408,73.28572163,73.22293762,71.4399656,67.2442736,63.25169362,62.7210321,67.04926158,73.25152163,76.404272,75.54617597,73.60214006,70.85143754,224.09,198.09,154.74,50.78,4.68,0.37,0.05,0.23,3.63,32.03,111.56,224.5,83.72943298,Rainy,Rainy,Rainy,Dry,Dry,Dry,Dry,Dry,Dry,Dry,Rainy,Rainy
ZWE,75.01961613,74.28435579,73.24885304,70.06511618,65.11767054,60.43031184,60.15586469,64.22525435,70.45870749,74.72344989,75.61876472,74.93007932,69.85650148,152.18,136.24,76.34,32.51,8.07,3.67,1.98,2.41,6.97,27.39,75.98,145.24,55.74789775,Rainy,Rainy,Rainy,Dry,Dry,Dry,Dry,Dry,Dry,Dry,Rainy,Rainy